golden_customer_id,match_group_id,first_name,last_name,email,phone,address,city,state,zip,golden_created_date,golden_last_updated,snapshot_date
1,1,Alex,Anderson,alex.anderson194@email.com,431-478-1665,4518 Hill St,Durham,VA,28010,2023-06-09,2023-10-08,2025-01-01
2,2,Alex,Anderson,alex.anderson206@email.com,768-611-2065,5710 Cedar St,Durham,NC,27232,2024-05-20,2025-01-13,2025-01-01
3,3,Alex,Anderson,alex.anderson262@email.com,(480) 723-7861,1377 Oak St,Raleigh,GA,27511,2024-09-21,2025-08-10,2025-01-01
4,4,Alex,Anderson,alex.anderson50@gmail.com,(496) 372-2065,1706 Main St,Jacksonville,NC,28736,2024-12-28,2025-06-10,2025-01-01
5,5,Alex,Brown,alex.brown330@email.com,(510) 823-9593,1728 Oak St,Greensboro,NC,28704,2024-05-02,2024-11-06,2025-01-01
6,6,Alex,Brown,alex.brown347@email.com,202-587-5296,7219 Oak Street,Wilmington,GA,27773,2025-04-15,2025-07-07,2025-01-01
7,7,Alex,Christian,alex.christian177@email.com,(526) 661-9995,4054 Maple St,Raleigh,GA,27940,2024-06-04,2024-11-14,2025-01-01
8,8,Alex,Christian,alex.christian296@email.com,(701) 318-4877,5547 Hill St,Wilmington,GA,27710,2024-01-07,2024-07-27,2025-01-01
9,9,Alex,Christian,alex.christian53@email.com,552-276-9890,2456 Cedar St,Fayetteville,NC,27666,2023-03-14,2023-11-11,2025-01-01
10,10,Alex,Johnson,alex.johnson189@email.com,(921) 388-4928,9161 Oak Street,Jacksonville,SC,28448,2023-11-12,2024-09-23,2025-01-01
11,11,Alex,Johnson,alex.johnson336@gmail.com,(956) 254-4841,179 Pine St,Greensboro,SC,27217,2023-02-03,2023-02-06,2025-01-01
12,12,Alex,Miller,alex.miller165@email.com,(997) 973-5790,5272 Cedar Street,Wilmington,GA,27383,2023-10-22,2024-06-11,2025-01-01
13,13,Alex,Miller,alex.miller34@email.com,(440) 372-2470,7722 Pine St,Raleigh,GA,28863,2023-10-30,2024-06-27,2025-01-01
14,14,Alex,Moore,alex.moore212@email.com,(328) 957-8933,4074 Maple St,Jacksonville,GA,28987,2024-06-29,2024-12-25,2025-01-01
15,15,Alex,Moore,alex.moore212@gmail.com,(328) 957-8933,4074 Maple St,Jacksonville,GA,28987,2024-09-30,2025-03-19,2025-01-01
16,16,Alex,Moore,alex.moore284@email.com,(746) 980-2267,5464 Cedar St,Greensboro,GA,27388,2023-11-14,2024-05-08,2025-01-01
17,17,Alex,Taylor,alex.taylor316@email.com,(865) 700-4220,5656 Pine St,Fayetteville,NC,28738,2024-11-15,2025-04-15,2025-01-01
18,18,Alex,Taylor,alex.taylor64@email.com,(296) 656-2902,8407 Cedar St,Wilmington,GA,28582,2024-03-10,2024-11-30,2025-01-01
19,19,Alex,Wilson,alex.wilson311@email.com,(953) 693-3313,2840 Oak St,Wilmington,NC,28621,2023-11-28,2024-08-06,2025-01-01
20,20,Avery,Anderson,avery.anderson14@email.com,(238) 314-8953,2359 Hill St,Greensboro,GA,28993,2024-02-17,2025-01-11,2025-01-01
21,21,Avery,Anderson,avery.anderson300@email.com,(294) 925-9441,7989 Oak St,Jacksonville,VA,28302,2023-07-07,2024-04-23,2025-01-01
22,22,Avery,Brown,avery.brown261@email.com,(492) 473-9322,8060 Pine St,Wilmington,GA,28960,2024-10-14,2024-11-28,2025-01-01
23,23,Avery,Brown,avery.brown261@gmail.com,492-473-9322,8060 Pine St,Wilmington,GA,28960,2024-02-07,2024-11-09,2025-01-01
24,24,Avery,Brown,avery.brown291@email.com,(676) 557-4076,5345 Hill St,Jacksonville,GA,27187,2023-10-07,2024-09-12,2025-01-01
25,25,Avery,Christian,avery.christian200@email.com,(409) 536-3174,570 Hill St,Fayetteville,VA,27307,2024-05-22,2025-04-30,2025-01-01
26,26,Avery,Christian,avery.christian295@email.com,(954) 358-2402,6254 Pine Street,Charlotte,SC,28658,2023-06-04,2023-08-23,2025-01-01
27,27,Avery,Johnson,avery.johnson128@email.com,(852) 229-3987,151 Cedar St,Charlotte,NC,28357,2024-03-16,2024-11-11,2025-01-01
28,28,Avery,Johnson,avery.johnson324@email.com,815-573-3925,8647 Hill St,Wilmington,VA,27645,2025-04-16,2025-05-27,2025-01-01
29,29,Avery,Miller,avery.miller101@email.com,(342) 992-3525,4930 Maple St,Charlotte,SC,28392,2023-07-01,2024-06-29,2025-01-01
30,30,Avery,Miller,avery.miller141@email.com,(891) 687-1252,5168 Maple St,Charlotte,SC,27147,2023-05-21,2023-11-08,2025-01-01
31,31,Avery,Miller,avery.miller270@email.com,(252) 745-8879,5604 Pine St,Wilmington,VA,27520,2024-06-18,2025-04-09,2025-01-01
32,32,Avery,Miller,avery.miller281@email.com,(495) 921-1836,653 Oak St,Jacksonville,VA,27501,2023-07-05,2023-07-06,2025-01-01
33,33,Avery,Moore,avery.moore121@email.com,930-946-7220,1911 Hill Street,Charlotte,SC,28247,2025-03-11,2025-10-29,2025-01-01
34,34,Avery,Moore,avery.moore151@email.com,(903) 887-7621,5069 Cedar St,Wilmington,NC,28236,2024-11-03,2025-07-24,2025-01-01
35,35,Avery,Moore,avery.moore240@email.com,875-378-9469,4340 Oak St,Durham,VA,28220,2024-11-08,2024-12-13,2025-01-01
36,36,Avery,Smith,avery.smith115@email.com,(809) 711-1458,8533 Oak Street,Jacksonville,GA,28608,2023-08-16,2023-09-19,2025-01-01
37,37,Avery,Smith,avery.smith220@email.com,506-329-8315,1623 Oak St,Fayetteville,NC,27749,2024-06-26,2024-06-28,2025-01-01
38,38,Avery,Smith,avery.smith94@email.com,(575) 303-4788,4104 Main St,Durham,GA,28716,2024-12-22,2025-06-04,2025-01-01
39,39,Avery,Taylor,avery.taylor180@email.com,458-640-4788,9006 Oak St,Raleigh,GA,28764,2024-09-13,2024-09-27,2025-01-01
40,40,Avery,Taylor,avery.taylor29@email.com,(465) 516-7351,6620 Hill St,Charlotte,SC,28571,2024-06-15,2024-07-24,2025-01-01
41,41,Avery,Taylor,avery.taylor59@email.com,(544) 742-8734,7011 Main St,Greensboro,GA,28005,2025-04-18,2025-05-24,2025-01-01
42,42,Avery,Wilson,avery.wilson273@email.com,637-523-4171,1318 Pine St,Greensboro,VA,28328,2024-10-18,2025-04-06,2025-01-01
43,43,Cameron,Anderson,cameron.anderson44@email.com,(798) 985-3914,4421 Oak St,Greensboro,VA,28611,2024-06-08,2024-09-22,2025-01-01
44,44,Cameron,Brown,cameron.brown106@email.com,386-428-7891,3127 Cedar St,Charlotte,GA,27456,2023-07-16,2023-09-12,2025-01-01
45,45,Cameron,Brown,cameron.brown18@email.com,(934) 829-8561,5154 Hill St,Jacksonville,GA,27667,2025-01-21,2025-07-29,2025-01-01
46,46,Cameron,Brown,cameron.brown307@email.com,613-569-7133,1302 Main St,Durham,GA,28205,2023-10-14,2023-12-20,2025-01-01
47,47,Cameron,Christian,cameron.christian193@email.com,(772) 312-6729,7635 Hill Street,Fayetteville,SC,27056,2024-02-27,2024-10-26,2025-01-01
48,48,Cameron,Christian,cameron.christian224@email.com,538-823-8630,2724 Main St,Greensboro,VA,28802,2024-04-24,2024-07-27,2025-01-01
49,49,Cameron,Christian,cameron.christian237@email.com,(281) 442-9004,9190 Hill St,Fayetteville,SC,27217,2024-07-05,2025-04-21,2025-01-01
50,50,Cameron,Davis,cameron.davis109@email.com,(220) 726-5471,5772 Oak St,Raleigh,GA,28691,2023-07-25,2024-07-05,2025-01-01
51,51,Cameron,Johnson,cameron.johnson199@gmail.com,871-813-4304,8322 Cedar Street,Fayetteville,GA,27722,2024-03-12,2024-04-21,2025-01-01
52,52,Cameron,Johnson,cameron.johnson275@email.com,(558) 822-2576,5428 Maple St,Fayetteville,NC,28611,2025-04-18,2025-10-30,2025-01-01
53,53,Cameron,Johnson,cameron.johnson298@email.com,(603) 503-5500,8660 Pine St,Charlotte,NC,27976,2024-11-16,2025-04-27,2025-01-01
54,54,Cameron,Johnson,cameron.johnson310@email.com,(529) 665-8480,6293 Main Street,Charlotte,SC,27830,2024-01-22,2024-08-23,2025-01-01
55,55,Cameron,Johnson,cameron.johnson313@email.com,(874) 984-2494,7150 Pine St,Durham,GA,27726,2023-09-25,2024-02-28,2025-01-01
56,56,Cameron,Johnson,cameron.johnson326@email.com,(706) 720-6954,4412 Hill St,Durham,GA,27567,2024-10-05,2024-11-06,2025-01-01
57,57,Cameron,Miller,cameron.miller211@email.com,(429) 786-7460,946 Hill St,Fayetteville,GA,27029,2023-10-31,2024-04-27,2025-01-01
58,58,Cameron,Miller,cameron.miller253@email.com,(816) 329-2931,2232 Main St,Fayetteville,VA,27542,2024-07-04,2025-03-21,2025-01-01
59,59,Cameron,Miller,cameron.miller265@email.com,(403) 650-7098,4154 Oak St,Charlotte,SC,28778,2024-02-21,2024-09-12,2025-01-01
60,60,Cameron,Moore,cameron.moore190@email.com,867-580-8307,1771 Cedar St,Jacksonville,NC,27285,2025-01-07,2025-06-11,2025-01-01
61,61,Cameron,Smith,cameron.smith138@email.com,(401) 215-1304,4726 Hill St,Jacksonville,SC,27700,2023-05-28,2023-08-01,2025-01-01
62,62,Cameron,Smith,cameron.smith234@email.com,(742) 972-7960,5616 Hill St,Charlotte,GA,28965,2023-10-14,2024-06-15,2025-01-01
63,63,Cameron,Smith,cameron.smith47@email.com,(898) 798-6828,6477 Cedar Street,Charlotte,GA,27688,2024-03-29,2024-04-20,2025-01-01
64,64,Cameron,Taylor,cameron.taylor169@email.com,(921) 768-2235,4777 Cedar St,Durham,VA,27851,2023-09-01,2024-05-24,2025-01-01
65,65,Cameron,Taylor,cameron.taylor276@email.com,(427) 961-2700,439 Oak St,Charlotte,GA,28278,2025-01-22,2025-05-09,2025-01-01
66,66,Cameron,Taylor,cameron.taylor60@gmail.com,(985) 766-1448,114 Oak St,Greensboro,NC,27806,2024-09-26,2025-05-31,2025-01-01
67,67,Cameron,Wilson,cameron.wilson183@email.com,(466) 836-9061,3808 Maple St,Raleigh,GA,27539,2024-10-06,2025-04-27,2025-01-01
68,68,Cameron,Wilson,cameron.wilson235@gmail.com,(771) 321-9753,5308 Pine St,Durham,SC,27045,2025-04-10,2025-05-26,2025-01-01
69,69,Cameron,Wilson,cameron.wilson238@email.com,(814) 854-8846,5004 Pine St,Jacksonville,VA,28258,2024-07-03,2024-10-04,2025-01-01
70,70,Cameron,Wilson,cameron.wilson350@email.com,(971) 808-6096,7203 Cedar St,Raleigh,VA,27631,2024-07-04,2024-10-07,2025-01-01
71,71,Casey,Brown,casey.brown21@email.com,635-928-6029,8972 Maple St,Charlotte,VA,28505,2025-03-07,2025-05-14,2025-01-01
72,72,Casey,Brown,casey.brown98@email.com,(268) 815-4044,3461 Pine St,Jacksonville,GA,28647,2023-10-14,2024-05-10,2025-01-01
73,73,Casey,Davis,casey.davis218@email.com,820-651-9959,6885 Oak St,Fayetteville,VA,27947,2023-02-13,2024-01-06,2025-01-01
74,74,Casey,Davis,casey.davis286@email.com,357-299-9155,5933 Cedar St,Durham,GA,28749,2024-06-07,2025-03-24,2025-01-01
75,75,Casey,Davis,casey.davis334@email.com,915-522-1792,4649 Hill St,Greensboro,SC,27405,2024-07-27,2025-02-28,2025-01-01
76,76,Casey,Johnson,casey.johnson264@email.com,(944) 612-4007,5422 Hill Street,Wilmington,GA,27544,2024-07-19,2025-01-09,2025-01-01
77,77,Casey,Johnson,casey.johnson327@email.com,(720) 632-3416,3060 Main St,Wilmington,NC,28393,2024-05-04,2024-12-08,2025-01-01
78,78,Casey,Johnson,casey.johnson344@email.com,(961) 981-7766,8726 Oak St,Wilmington,GA,28808,2024-04-23,2024-05-03,2025-01-01
79,79,Casey,Miller,casey.miller305@email.com,(693) 861-7182,3369 Pine St,Fayetteville,GA,28682,2023-08-30,2024-03-11,2025-01-01
80,80,Casey,Moore,casey.moore161@email.com,(389) 836-2432,3871 Cedar St,Durham,SC,28377,2023-11-29,2024-01-25,2025-01-01
81,81,Casey,Moore,casey.moore232@email.com,916-424-4679,9926 Main St,Jacksonville,VA,28698,2025-02-14,2025-08-04,2025-01-01
82,82,Casey,Moore,casey.moore346@gmail.com,(785) 790-3609,8163 Oak St,Fayetteville,SC,27879,2023-10-20,2024-03-19,2025-01-01
83,83,Casey,Smith,casey.smith65@email.com,(273) 547-7078,2756 Maple St,Fayetteville,VA,27556,2025-04-11,2025-10-22,2025-01-01
84,84,Casey,Taylor,casey.taylor67@email.com,(650) 422-5149,1768 Hill Street,Raleigh,GA,28071,2024-03-29,2024-10-11,2025-01-01
85,85,Casey,Taylor,casey.taylor86@gmail.com,374-899-2559,9054 Hill St,Charlotte,GA,28865,2024-09-27,2025-05-30,2025-01-01
86,86,Chris,Anderson,chris.anderson108@email.com,(592) 684-3207,7985 Oak St,Wilmington,VA,28187,2023-10-30,2024-05-16,2025-01-01
87,87,Chris,Anderson,chris.anderson142@email.com,(776) 206-5170,9555 Cedar St,Wilmington,NC,27347,2024-09-13,2025-01-02,2025-01-01
88,88,Chris,Anderson,chris.anderson28@email.com,(924) 392-1337,6214 Maple St,Durham,VA,28379,2024-04-12,2024-06-05,2025-01-01
89,89,Chris,Christian,chris.christian172@gmail.com,(896) 592-1538,3116 Pine St,Charlotte,VA,27378,2024-03-10,2024-06-29,2025-01-01
90,90,Chris,Davis,chris.davis181@gmail.com,(754) 260-1139,1979 Maple St,Fayetteville,NC,28799,2025-02-10,2025-05-23,2025-01-01
91,91,Chris,Davis,chris.davis191@email.com,(347) 305-3677,3556 Cedar St,Raleigh,GA,28431,2024-10-01,2025-02-16,2025-01-01
92,92,Christopher,Davis,chris.davis213@email.com,(633) 772-4749,2323 Cedar St,Fayetteville,NC,28062,2025-03-19,2025-05-29,2025-01-01
93,93,Chris,Davis,chris.davis287@email.com,(464) 387-5450,3957 Pine St,Raleigh,GA,28548,2024-04-27,2025-01-08,2025-01-01
94,94,Chris,Johnson,chris.johnson152@gmail.com,(837) 922-9196,8008 Oak St,Raleigh,SC,28028,2024-10-25,2025-05-25,2025-01-01
95,95,Christopher,Johnson,chris.johnson69@gmail.com,(265) 276-3197,5382 Cedar St,Jacksonville,VA,27667,2024-09-12,2024-10-19,2025-01-01
96,96,Chris,Miller,chris.miller227@email.com,678-736-9352,4428 Cedar St,Charlotte,GA,27410,2024-01-21,2024-06-02,2025-01-01
97,97,Chris,Miller,chris.miller320@gmail.com,739-261-3559,1417 Pine St,Fayetteville,GA,28853,2024-11-02,2025-06-03,2025-01-01
98,98,Christopher,Miller,chris.miller70@gmail.com,(833) 250-3704,7203 Maple St,Durham,SC,28336,2023-08-30,2023-12-30,2025-01-01
99,99,Chris,Moore,chris.moore179@email.com,(699) 635-3495,8432 Cedar St,Fayetteville,SC,27854,2024-05-30,2025-03-08,2025-01-01
100,100,Chris,Moore,chris.moore254@email.com,868-714-4940,7388 Pine St,Charlotte,GA,28240,2024-04-21,2025-03-15,2025-01-01
101,101,Chris,Smith,chris.smith164@email.com,(687) 784-5582,3672 Hill St,Jacksonville,SC,27594,2024-02-05,2024-08-03,2025-01-01
102,102,Chris,Smith,chris.smith225@email.com,947-463-3230,2407 Oak St,Charlotte,SC,27174,2024-06-21,2024-08-20,2025-01-01
103,103,Chris,Smith,chris.smith278@email.com,505-353-5515,2876 Maple St,Jacksonville,VA,28514,2024-10-17,2024-11-01,2025-01-01
104,104,Chris,Taylor,chris.taylor157@email.com,(868) 863-9996,6695 Pine St,Fayetteville,SC,27813,2024-07-30,2024-08-06,2025-01-01
105,105,Chris,Taylor,chris.taylor2@email.com,(437) 928-3287,2515 Hill St,Raleigh,NC,27279,2023-10-22,2023-12-22,2025-01-01
106,106,Christopher,Taylor,chris.taylor31@email.com,263-535-5067,8155 Cedar St,Charlotte,NC,27632,2024-11-23,2025-01-23,2025-01-01
107,107,Devin,Anderson,devin.anderson122@email.com,(326) 436-4451,6470 Pine St,Raleigh,GA,27938,2023-12-26,2024-05-09,2025-01-01
108,108,Devin,Anderson,devin.anderson178@email.com,(210) 720-5411,807 Maple St,Wilmington,SC,27061,2024-11-14,2024-11-30,2025-01-01
109,109,Devin,Anderson,devin.anderson97@email.com,(782) 491-5180,8358 Hill St,Fayetteville,NC,27563,2023-09-17,2024-05-26,2025-01-01
110,110,Devin,Brown,devin.brown192@email.com,(221) 200-2127,5741 Oak St,Wilmington,VA,28886,2024-12-27,2025-07-21,2025-01-01
111,111,Devin,Brown,devin.brown210@email.com,(233) 373-8704,610 Maple St,Durham,VA,27506,2024-08-09,2025-03-10,2025-01-01
112,112,Devin,Christian,devin.christian15@email.com,(460) 701-8698,5813 Oak St,Raleigh,NC,27768,2025-06-09,2025-07-29,2025-01-01
113,113,Devin,Christian,devin.christian22@email.com,(233) 683-5490,4340 Maple St,Charlotte,GA,28666,2024-03-21,2024-12-30,2025-01-01
114,114,Devin,Christian,devin.christian68@email.com,(245) 233-4259,2614 Pine St,Raleigh,GA,28143,2024-06-07,2025-03-26,2025-01-01
115,115,Devin,Davis,devin.davis251@email.com,(662) 385-2136,1311 Maple St,Greensboro,VA,28635,2023-04-02,2024-01-11,2025-01-01
116,116,Devin,Davis,devin.davis43@email.com,762-260-6320,2069 Hill St,Wilmington,SC,28129,2024-07-11,2024-09-05,2025-01-01
117,117,Devin,Davis,devin.davis82@email.com,(534) 580-7615,252 Hill St,Jacksonville,GA,27065,2023-07-12,2023-12-12,2025-01-01
118,118,Devin,Miller,devin.miller153@gmail.com,986-203-4237,9024 Oak St,Durham,GA,28921,2023-11-04,2024-02-02,2025-01-01
119,119,Devin,Miller,devin.miller207@email.com,(825) 818-4754,7259 Oak Street,Raleigh,GA,28008,2023-04-26,2024-04-07,2025-01-01
120,120,Devin,Miller,devin.miller35@gmail.com,833-598-4312,6948 Oak St,Raleigh,GA,27079,2023-07-31,2023-09-06,2025-01-01
121,121,Devin,Smith,devin.smith124@email.com,(220) 462-5594,7306 Maple St,Raleigh,VA,27038,2024-04-09,2025-01-20,2025-01-01
122,122,Devin,Smith,devin.smith129@email.com,362-577-4053,3593 Pine St,Durham,VA,28588,2025-02-28,2025-07-26,2025-01-01
123,123,Devin,Smith,devin.smith129@gmail.com,(362) 577-4053,3593 Pine St,Durham,VA,28588,2025-02-19,2025-10-02,2025-01-01
124,124,Devin,Smith,devin.smith13@email.com,(687) 259-9161,8489 Pine St,Jacksonville,VA,28254,2025-01-13,2025-09-22,2025-01-01
125,125,Devin,Smith,devin.smith184@email.com,574-251-5088,5165 Pine St,Wilmington,VA,28292,2024-06-24,2024-08-31,2025-01-01
126,126,Devin,Smith,devin.smith331@email.com,(938) 545-6635,6750 Pine St,Raleigh,SC,28946,2023-12-24,2024-01-13,2025-01-01
127,127,Devin,Taylor,devin.taylor112@gmail.com,(378) 248-7356,7327 Main St,Wilmington,SC,27422,2023-07-02,2023-08-30,2025-01-01
128,128,Devin,Taylor,devin.taylor239@email.com,(596) 511-6950,2113 Cedar St,Charlotte,GA,27734,2024-06-26,2025-06-24,2025-01-01
129,129,Devin,Taylor,devin.taylor252@email.com,(835) 289-4971,8474 Maple St,Greensboro,GA,27850,2023-09-20,2024-08-09,2025-01-01
130,130,Devin,Wilson,devin.wilson215@email.com,(526) 898-1101,9064 Main St,Charlotte,VA,28943,2025-06-11,2025-10-22,2025-01-01
131,131,Drew,Anderson,drew.anderson309@email.com,(273) 506-3045,1595 Pine St,Durham,GA,28147,2023-06-02,2024-02-03,2025-01-01
132,132,Drew,Brown,drew.brown102@email.com,(829) 671-1167,6481 Maple St,Durham,VA,28089,2024-08-09,2025-01-17,2025-01-01
133,133,Drew,Brown,drew.brown17@email.com,397-505-4011,9184 Cedar St,Greensboro,GA,27464,2023-08-28,2024-04-19,2025-01-01
134,134,Drew,Brown,drew.brown62@email.com,(601) 391-9072,3871 Oak Street,Greensboro,VA,27700,2023-04-09,2024-04-04,2025-01-01
135,135,Drew,Christian,drew.christian117@email.com,(241) 222-8535,9124 Pine St,Fayetteville,VA,28729,2024-09-10,2024-09-15,2025-01-01
136,136,Drew,Christian,drew.christian250@email.com,(866) 338-5909,1562 Maple St,Jacksonville,VA,27698,2024-03-09,2024-10-15,2025-01-01
137,137,Drew,Christian,drew.christian269@email.com,(281) 304-3965,8105 Main St,Jacksonville,VA,27617,2024-07-27,2025-02-11,2025-01-01
138,138,Drew,Christian,drew.christian81@email.com,843-818-4466,7320 Maple St,Fayetteville,NC,28064,2024-05-27,2024-10-16,2025-01-01
139,139,Drew,Davis,drew.davis167@gmail.com,359-949-4319,9894 Cedar St,Durham,SC,27555,2024-05-22,2024-09-28,2025-01-01
140,140,Drew,Davis,drew.davis16@email.com,656-380-1738,2265 Main St,Greensboro,NC,28891,2024-02-25,2024-07-20,2025-01-01
141,141,Drew,Davis,drew.davis202@email.com,470-395-2014,2408 Oak St,Raleigh,NC,28339,2023-09-05,2024-05-31,2025-01-01
142,142,Drew,Johnson,drew.johnson155@email.com,(682) 625-2048,9713 Main St,Fayetteville,VA,27557,2025-03-06,2025-09-17,2025-01-01
143,143,Drew,Johnson,drew.johnson259@email.com,(343) 260-1680,3215 Cedar St,Charlotte,SC,27225,2024-06-07,2024-06-30,2025-01-01
144,144,Drew,Johnson,drew.johnson85@gmail.com,(397) 593-2464,7205 Maple St,Greensboro,GA,28388,2024-12-08,2025-04-23,2025-01-01
145,145,Drew,Miller,drew.miller174@email.com,557-807-6409,7428 Cedar St,Durham,GA,28018,2024-09-21,2024-12-15,2025-01-01
146,146,Drew,Miller,drew.miller84@email.com,959-954-3912,1832 Maple St,Jacksonville,NC,27465,2024-11-20,2025-03-09,2025-01-01
147,147,Drew,Miller,drew.miller89@email.com,(839) 403-5671,441 Hill St,Wilmington,GA,28312,2024-07-09,2025-04-23,2025-01-01
148,148,Drew,Moore,drew.moore131@email.com,(605) 227-1374,3540 Pine St,Greensboro,GA,27985,2023-03-09,2023-08-03,2025-01-01
149,149,Drew,Moore,drew.moore187@email.com,(746) 893-8836,7801 Cedar St,Jacksonville,VA,28622,2024-06-26,2025-04-21,2025-01-01
150,150,Drew,Moore,drew.moore25@email.com,(711) 662-5544,3074 Cedar St,Raleigh,NC,27988,2024-09-22,2025-02-02,2025-01-01
151,151,Drew,Smith,drew.smith116@email.com,(945) 712-8349,9778 Hill St,Fayetteville,GA,28470,2024-03-16,2025-04-04,2025-01-01
152,152,Drew,Smith,drew.smith209@email.com,293-337-2675,8137 Oak St,Charlotte,SC,27200,2024-11-23,2025-04-15,2025-01-01
153,153,Drew,Smith,drew.smith255@gmail.com,(443) 211-9236,5574 Main St,Greensboro,VA,28498,2024-09-01,2025-04-22,2025-01-01
154,154,Drew,Smith,drew.smith271@gmail.com,(371) 307-2627,4646 Hill St,Greensboro,SC,27090,2023-05-07,2024-02-24,2025-01-01
155,155,Drew,Smith,drew.smith272@email.com,679-440-8475,2358 Oak St,Durham,NC,28168,2024-07-29,2025-03-30,2025-01-01
156,156,Drew,Taylor,drew.taylor229@email.com,(817) 606-9334,3412 Maple St,Fayetteville,SC,28593,2023-07-20,2024-07-29,2025-01-01
157,157,Drew,Wilson,drew.wilson340@email.com,(216) 258-5065,3273 Hill St,Wilmington,NC,27016,2023-06-19,2023-10-20,2025-01-01
158,158,Jamie,Anderson,jamie.anderson105@email.com,796-490-1844,6556 Hill St,Raleigh,VA,28912,2023-11-07,2023-12-28,2025-01-01
159,159,Jamie,Anderson,jamie.anderson223@email.com,621-914-7899,1704 Oak St,Durham,GA,28537,2023-11-05,2024-09-04,2025-01-01
160,160,Jaime,Anderson,jamie.anderson317@email.com,(877) 984-8483,8684 Oak St,Jacksonville,SC,28677,2024-06-22,2024-10-28,2025-01-01
161,161,Jamie,Anderson,jamie.anderson337@email.com,(291) 406-5206,1061 Cedar St,Durham,VA,27656,2023-07-07,2024-02-07,2025-01-01
162,162,Jamie,Brown,jamie.brown230@email.com,(355) 518-3928,1608 Maple St,Fayetteville,SC,28031,2024-01-31,2024-04-24,2025-01-01
163,163,Jamie,Brown,jamie.brown266@email.com,(613) 611-3221,9410 Cedar St,Greensboro,SC,28222,2023-11-01,2024-02-24,2025-01-01
164,164,Jaime,Davis,jamie.davis52@email.com,(609) 300-2066,1683 Cedar St,Charlotte,VA,27331,2024-03-18,2025-02-23,2025-01-01
165,165,Jaime,Davis,jamie.davis63@email.com,(480) 911-2677,518 Cedar St,Durham,NC,27952,2024-09-09,2025-04-17,2025-01-01
166,166,Jamie,Johnson,jamie.johnson154@email.com,(224) 232-2208,5279 Oak Street,Wilmington,GA,28543,2024-12-21,2025-05-12,2025-01-01
167,167,Jaime,Miller,jamie.miller241@email.com,356-572-9951,4196 Cedar Street,Raleigh,VA,27764,2025-03-22,2025-08-27,2025-01-01
168,168,Jamie,Miller,jamie.miller88@gmail.com,(791) 945-2601,5663 Cedar St,Greensboro,SC,28315,2024-11-03,2024-12-08,2025-01-01
169,169,Jaime,Moore,jamie.moore1@email.com,315-982-7436,2407 Hill St,Raleigh,SC,28946,2025-03-19,2025-09-15,2025-01-01
170,170,Jaime,Moore,jamie.moore48@gmail.com,(580) 879-4077,2331 Cedar St,Jacksonville,VA,27331,2023-08-07,2024-04-30,2025-01-01
171,171,Jamie,Moore,jamie.moore99@email.com,962-257-2801,3497 Main St,Fayetteville,GA,28791,2024-07-17,2024-09-25,2025-01-01
172,172,Jamie,Smith,jamie.smith123@email.com,533-664-8558,4506 Pine St,Charlotte,GA,27422,2024-03-22,2024-10-01,2025-01-01
173,173,Jaime,Smith,jamie.smith249@email.com,489-691-6902,4824 Main St,Jacksonville,VA,28880,2024-12-20,2025-07-15,2025-01-01
174,174,Jamie,Smith,jamie.smith321@email.com,(734) 885-8693,3434 Hill St,Greensboro,VA,27969,2024-06-19,2025-01-22,2025-01-01
175,175,Jamie,Wilson,jamie.wilson100@email.com,585-381-8721,7603 Maple St,Fayetteville,VA,28213,2024-01-09,2024-03-10,2025-01-01
176,176,Jamie,Wilson,jamie.wilson137@email.com,(228) 875-9397,4996 Maple Street,Charlotte,SC,28445,2023-04-04,2023-09-11,2025-01-01
177,177,Jaime,Wilson,jamie.wilson339@gmail.com,(819) 966-8292,6464 Main St,Fayetteville,SC,27534,2025-03-10,2025-03-11,2025-01-01
178,178,Jaime,Wilson,jamie.wilson4@email.com,(549) 403-4373,5511 Cedar St,Fayetteville,SC,27430,2025-01-09,2025-08-09,2025-01-01
179,179,Jordan,Anderson,jordan.anderson243@email.com,(316) 913-7705,3517 Maple St,Durham,VA,27392,2024-05-19,2025-02-08,2025-01-01
180,180,Jordan,Anderson,jordan.anderson27@email.com,514-613-4820,4016 Maple St,Charlotte,VA,28740,2023-09-07,2023-09-10,2025-01-01
181,181,Jordan,Brown,jordan.brown345@email.com,772-917-4887,6394 Hill St,Wilmington,SC,28223,2024-05-27,2025-01-26,2025-01-01
182,182,Jordan,Brown,jordan.brown54@email.com,(820) 683-6882,8646 Cedar St,Durham,SC,27538,2025-01-15,2025-11-30,2025-01-01
183,183,Jordan,Christian,jordan.christian158@email.com,(876) 407-9338,2530 Maple St,Charlotte,GA,28703,2024-12-18,2025-03-15,2025-01-01
184,184,Jordan,Christian,jordan.christian246@email.com,(232) 795-6176,6402 Main St,Durham,NC,28338,2023-04-21,2024-04-02,2025-01-01
185,185,Jordan,Davis,jordan.davis175@email.com,946-552-6379,3899 Oak St,Durham,SC,27153,2023-04-27,2023-06-08,2025-01-01
186,186,Jordan,Davis,jordan.davis40@email.com,373-319-2772,5182 Pine St,Wilmington,GA,27884,2025-04-27,2025-07-03,2025-01-01
187,187,Jordan,Johnson,jordan.johnson41@email.com,(721) 296-6467,8979 Cedar St,Durham,VA,27293,2023-10-15,2024-02-21,2025-01-01
188,188,Jordan,Johnson,jordan.johnson49@email.com,955-672-9136,5766 Oak Street,Jacksonville,NC,28543,2024-08-22,2024-11-05,2025-01-01
189,189,Jordan,Johnson,jordan.johnson9@email.com,(991) 513-3888,9273 Maple Street,Greensboro,VA,27191,2023-12-11,2024-05-26,2025-01-01
190,190,Jordan,Miller,jordan.miller166@email.com,(951) 273-5436,6300 Cedar St,Raleigh,NC,28892,2025-01-07,2025-04-19,2025-01-01
191,191,Jordan,Miller,jordan.miller24@email.com,(553) 504-7033,1940 Oak St,Raleigh,SC,28812,2025-04-22,2025-07-27,2025-01-01
192,192,Jordan,Moore,jordan.moore219@email.com,(305) 362-5558,8081 Maple Street,Greensboro,VA,28834,2023-03-21,2023-12-27,2025-01-01
193,193,Jordan,Moore,jordan.moore277@gmail.com,(889) 840-9221,9281 Maple St,Fayetteville,GA,27938,2024-09-25,2025-02-03,2025-01-01
194,194,Jordan,Taylor,jordan.taylor222@email.com,693-244-3893,6232 Main St,Raleigh,NC,27686,2025-03-13,2025-04-09,2025-01-01
195,195,Jordan,Taylor,jordan.taylor328@email.com,610-825-2749,2861 Oak St,Durham,SC,27913,2024-09-16,2025-01-22,2025-01-01
196,196,Jordan,Taylor,jordan.taylor37@email.com,(463) 293-8431,1014 Oak Street,Jacksonville,VA,28784,2023-12-01,2024-04-04,2025-01-01
197,197,Jordan,Taylor,jordan.taylor3@email.com,949-658-9619,6859 Oak St,Greensboro,NC,27241,2025-01-05,2025-04-08,2025-01-01
198,198,Morgan,Anderson,morgan.anderson104@gmail.com,(510) 956-8482,4699 Oak St,Charlotte,VA,27835,2024-07-09,2025-01-15,2025-01-01
199,199,Morgan,Anderson,morgan.anderson228@gmail.com,(650) 745-6041,5556 Pine St,Charlotte,VA,28427,2025-06-19,2025-10-19,2025-01-01
200,200,Morgan,Anderson,morgan.anderson338@email.com,(406) 970-8687,103 Cedar St,Raleigh,NC,28354,2024-07-03,2024-08-23,2025-01-01
201,201,Morgan,Anderson,morgan.anderson51@email.com,(384) 443-2200,6170 Cedar Street,Durham,VA,28056,2023-08-06,2024-03-26,2025-01-01
202,202,Morgan,Brown,morgan.brown188@email.com,(875) 635-9324,8975 Pine St,Fayetteville,NC,27595,2023-12-04,2023-12-29,2025-01-01
203,203,Morgan,Brown,morgan.brown78@email.com,295-912-7941,9558 Pine St,Jacksonville,VA,28113,2023-08-05,2024-06-25,2025-01-01
204,204,Morgan,Christian,morgan.christian226@email.com,(810) 339-2196,6243 Oak St,Greensboro,SC,28966,2023-08-05,2024-03-25,2025-01-01
205,205,Morgan,Christian,morgan.christian77@email.com,(465) 885-5549,6611 Cedar St,Fayetteville,VA,27431,2024-04-16,2025-01-24,2025-01-01
206,206,Morgan,Davis,morgan.davis120@email.com,784-206-7820,115 Maple St,Fayetteville,GA,28694,2024-07-13,2024-08-31,2025-01-01
207,207,Morgan,Davis,morgan.davis160@email.com,(637) 869-6667,8427 Main St,Greensboro,NC,27548,2024-04-15,2024-05-30,2025-01-01
208,208,Morgan,Davis,morgan.davis342@email.com,(889) 536-5813,403 Hill Street,Durham,SC,28122,2024-09-27,2025-08-04,2025-01-01
209,209,Morgan,Johnson,morgan.johnson125@email.com,683-831-8272,8398 Oak St,Fayetteville,SC,28289,2024-06-28,2024-07-07,2025-01-01
210,210,Morgan,Johnson,morgan.johnson244@email.com,(883) 670-8984,1156 Pine St,Fayetteville,VA,28971,2024-11-23,2025-03-04,2025-01-01
211,211,Morgan,Johnson,morgan.johnson304@email.com,(419) 714-4069,7735 Maple St,Raleigh,SC,27523,2024-08-09,2025-01-05,2025-01-01
212,212,Morgan,Johnson,morgan.johnson325@email.com,(897) 245-6027,6284 Oak St,Jacksonville,SC,27050,2023-08-18,2024-07-13,2025-01-01
213,213,Morgan,Johnson,morgan.johnson332@email.com,(717) 805-7563,5800 Maple St,Wilmington,NC,28300,2023-08-08,2024-02-26,2025-01-01
214,214,Morgan,Johnson,morgan.johnson75@email.com,(593) 773-1820,2564 Pine Street,Raleigh,SC,28669,2024-07-19,2024-07-24,2025-01-01
215,215,Morgan,Miller,morgan.miller144@email.com,(534) 806-9118,2291 Cedar St,Wilmington,GA,27966,2024-12-18,2025-01-09,2025-01-01
216,216,Morgan,Miller,morgan.miller247@email.com,(518) 413-2916,7317 Main St,Raleigh,SC,27621,2024-02-25,2025-01-30,2025-01-01
217,217,Morgan,Moore,morgan.moore322@email.com,(795) 655-8899,753 Hill St,Wilmington,VA,27810,2024-10-19,2025-02-24,2025-01-01
218,218,Morgan,Moore,morgan.moore57@email.com,(364) 495-8663,6091 Oak St,Fayetteville,VA,28355,2023-09-23,2023-12-13,2025-01-01
219,219,Morgan,Smith,morgan.smith274@email.com,(484) 537-1638,9436 Cedar St,Raleigh,GA,27280,2024-02-14,2024-03-28,2025-01-01
220,220,Morgan,Smith,morgan.smith96@email.com,(560) 745-9139,3299 Oak St,Fayetteville,VA,28554,2024-01-27,2025-01-07,2025-01-01
221,221,Morgan,Wilson,morgan.wilson318@email.com,687-202-7458,9483 Pine St,Charlotte,SC,27969,2023-09-22,2024-02-05,2025-01-01
222,222,Morgan,Wilson,morgan.wilson87@email.com,(898) 262-9372,4701 Pine St,Jacksonville,SC,28798,2023-08-09,2024-01-26,2025-01-01
223,223,Pat,Anderson,pat.anderson197@email.com,607-985-2441,5048 Main St,Wilmington,VA,28281,2024-04-09,2024-12-17,2025-01-01
224,224,Pat,Anderson,pat.anderson197@gmail.com,607-985-2441,5048 Main St,Wilmington,VA,28281,2024-01-15,2024-11-02,2025-01-01
225,225,Pat,Brown,pat.brown208@email.com,(603) 253-2923,3655 Hill St,Jacksonville,GA,28850,2024-01-11,2024-05-29,2025-01-01
226,226,Pat,Brown,pat.brown348@email.com,(584) 829-5048,8813 Hill St,Wilmington,SC,28165,2025-05-10,2025-07-02,2025-01-01
227,227,Pat,Brown,pat.brown76@email.com,(318) 710-3192,3379 Hill Street,Fayetteville,SC,28441,2024-01-11,2024-08-04,2025-01-01
228,228,Pat,Brown,pat.brown7@email.com,(412) 642-7020,3275 Pine St,Wilmington,SC,27987,2024-10-22,2025-09-06,2025-01-01
229,229,Pat,Brown,pat.brown95@email.com,(871) 474-6600,4530 Cedar St,Charlotte,VA,28012,2023-08-19,2023-10-07,2025-01-01
230,230,Pat,Christian,pat.christian173@email.com,(438) 855-5651,1663 Cedar St,Charlotte,SC,28561,2023-08-14,2023-11-13,2025-01-01
231,231,Pat,Davis,pat.davis315@email.com,(559) 879-7778,1570 Main St,Greensboro,VA,28833,2024-12-15,2025-03-18,2025-01-01
232,232,Pat,Davis,pat.davis74@email.com,693-551-9661,4882 Hill St,Greensboro,GA,28035,2023-12-01,2024-04-24,2025-01-01
233,233,Pat,Moore,pat.moore127@email.com,(946) 236-4225,3972 Cedar St,Raleigh,GA,28446,2024-07-02,2024-11-18,2025-01-01
234,234,Pat,Moore,pat.moore231@email.com,370-846-4286,8695 Oak St,Durham,NC,28948,2025-01-03,2025-01-29,2025-01-01
235,235,Pat,Moore,pat.moore294@email.com,882-953-8030,7892 Hill St,Jacksonville,NC,28014,2024-04-07,2025-01-26,2025-01-01
236,236,Pat,Moore,pat.moore93@email.com,204-248-7120,8190 Main St,Jacksonville,VA,27584,2024-06-03,2024-09-12,2025-01-01
237,237,Pat,Wilson,pat.wilson113@email.com,(806) 282-4880,3148 Cedar Street,Raleigh,GA,27018,2024-11-24,2025-05-17,2025-01-01
238,238,Pat,Wilson,pat.wilson150@email.com,(313) 651-8996,252 Maple Street,Raleigh,NC,28947,2023-07-12,2023-09-10,2025-01-01
239,239,Pat,Wilson,pat.wilson204@email.com,(980) 440-9802,5825 Main St,Durham,NC,27981,2024-03-22,2024-10-03,2025-01-01
240,240,Riley,Anderson,riley.anderson136@email.com,(438) 991-6422,5448 Oak St,Raleigh,VA,27905,2023-11-26,2023-12-04,2025-01-01
241,241,Riley,Anderson,riley.anderson216@gmail.com,(359) 543-6806,126 Cedar St,Wilmington,SC,27869,2023-10-23,2024-07-29,2025-01-01
242,242,Riley,Anderson,riley.anderson267@email.com,(701) 932-5808,7751 Maple St,Wilmington,SC,27628,2024-02-22,2024-07-02,2025-01-01
243,243,Riley,Anderson,riley.anderson306@email.com,(301) 481-1473,5306 Main St,Durham,VA,27740,2024-12-31,2025-04-05,2025-01-01
244,244,Riley,Brown,riley.brown162@email.com,(813) 855-8671,9708 Oak St,Greensboro,GA,27374,2025-02-02,2025-10-19,2025-01-01
245,245,Riley,Brown,riley.brown195@email.com,(264) 459-3485,506 Maple St,Wilmington,VA,28182,2023-02-01,2023-04-26,2025-01-01
246,246,Riley,Brown,riley.brown343@email.com,993-756-4638,5169 Hill St,Jacksonville,VA,27747,2023-06-22,2024-03-20,2025-01-01
247,247,Riley,Christian,riley.christian170@email.com,484-660-1764,2244 Hill St,Durham,VA,28519,2025-01-21,2025-05-08,2025-01-01
248,248,Riley,Christian,riley.christian30@email.com,784-448-4922,888 Cedar St,Wilmington,VA,27558,2025-04-30,2025-09-15,2025-01-01
249,249,Riley,Miller,riley.miller111@email.com,(700) 840-3653,1629 Maple St,Charlotte,VA,28089,2023-03-14,2023-10-29,2025-01-01
250,250,Riley,Miller,riley.miller148@email.com,(505) 881-4056,3716 Cedar St,Greensboro,VA,27583,2024-08-17,2024-09-07,2025-01-01
251,251,Riley,Miller,riley.miller39@email.com,(479) 812-8214,6984 Pine St,Raleigh,SC,28334,2024-01-01,2024-10-27,2025-01-01
252,252,Riley,Moore,riley.moore260@email.com,(316) 261-5873,4110 Pine St,Jacksonville,SC,27383,2024-12-03,2025-07-17,2025-01-01
253,253,Riley,Wilson,riley.wilson289@email.com,(570) 699-8124,6266 Maple St,Charlotte,NC,28516,2023-08-02,2024-01-27,2025-01-01
254,254,Riley,Wilson,riley.wilson290@email.com,863-666-5363,6181 Maple St,Jacksonville,SC,27770,2024-10-07,2025-02-22,2025-01-01
255,255,Sam,Anderson,sam.anderson56@email.com,865-886-2723,4700 Hill St,Charlotte,GA,27463,2024-10-20,2024-12-03,2025-01-01
256,256,Sam,Brown,sam.brown163@email.com,560-705-2188,5751 Cedar St,Wilmington,NC,28179,2024-01-15,2024-04-20,2025-01-01
257,257,Sam,Brown,sam.brown5@email.com,(626) 798-9968,1083 Main St,Jacksonville,SC,27728,2023-08-13,2023-11-05,2025-01-01
258,258,Sam,Christian,sam.christian83@gmail.com,(286) 809-6040,3679 Cedar St,Durham,GA,27891,2023-07-28,2023-10-29,2025-01-01
259,259,Sam,Davis,sam.davis132@email.com,(337) 246-6787,430 Oak Street,Fayetteville,VA,27389,2024-05-01,2025-01-20,2025-01-01
260,260,Sam,Davis,sam.davis285@email.com,(235) 227-3344,6393 Main St,Fayetteville,SC,28930,2023-12-08,2024-11-07,2025-01-01
261,261,Sam,Davis,sam.davis92@email.com,(715) 620-2725,2212 Pine St,Raleigh,SC,28389,2023-12-06,2024-11-09,2025-01-01
262,262,Sam,Johnson,sam.johnson126@email.com,322-916-4376,8810 Main St,Raleigh,VA,28011,2024-03-08,2024-05-27,2025-01-01
263,263,Sam,Johnson,sam.johnson12@email.com,(474) 301-2954,3280 Oak St,Fayetteville,SC,28461,2024-09-01,2025-08-24,2025-01-01
264,264,Sam,Johnson,sam.johnson236@email.com,(932) 617-5572,1425 Main St,Jacksonville,GA,28548,2024-05-20,2025-03-29,2025-01-01
265,265,Sam,Miller,sam.miller214@email.com,478-275-5967,5569 Hill St,Jacksonville,NC,28594,2024-10-23,2025-08-07,2025-01-01
266,266,Sam,Miller,sam.miller233@email.com,253-460-5753,4363 Hill St,Raleigh,GA,28508,2024-01-20,2024-06-05,2025-01-01
267,267,Sam,Smith,sam.smith198@email.com,(727) 461-9869,1457 Main St,Wilmington,SC,27721,2024-08-23,2024-12-06,2025-01-01
268,268,Sam,Smith,sam.smith46@email.com,(685) 746-3331,7077 Cedar St,Charlotte,SC,27943,2023-12-14,2024-05-28,2025-01-01
269,269,Sam,Taylor,sam.taylor110@email.com,(852) 230-9517,7457 Hill Street,Greensboro,GA,28624,2023-04-14,2023-12-09,2025-01-01
270,270,Sam,Taylor,sam.taylor143@email.com,(341) 963-7966,9280 Cedar St,Wilmington,SC,27871,2023-04-08,2023-11-05,2025-01-01
271,271,Sam,Taylor,sam.taylor80@gmail.com,(544) 810-5111,4317 Pine St,Greensboro,GA,28190,2024-11-13,2025-02-11,2025-01-01
272,272,Sam,Wilson,sam.wilson292@email.com,476-647-5814,8697 Oak St,Charlotte,NC,27840,2024-09-05,2025-08-29,2025-01-01
273,273,Sam,Wilson,sam.wilson335@gmail.com,(655) 689-3398,9544 Main St,Raleigh,NC,28202,2023-12-16,2024-09-24,2025-01-01
274,274,Sam,Wilson,sam.wilson36@email.com,661-969-7577,2327 Hill St,Jacksonville,VA,27876,2024-05-19,2024-11-07,2025-01-01
275,275,Sam,Wilson,sam.wilson42@email.com,(693) 359-2016,4287 Maple St,Fayetteville,VA,28744,2024-05-31,2025-05-02,2025-01-01
276,276,Taylor,Anderson,taylor.anderson135@email.com,639-514-3071,4032 Oak St,Jacksonville,GA,28633,2023-09-09,2024-04-15,2025-01-01
277,277,Taylor,Brown,taylor.brown10@gmail.com,(229) 815-7139,1667 Hill St,Durham,VA,28863,2025-03-27,2025-11-16,2025-01-01
278,278,Taylor,Brown,taylor.brown257@email.com,(764) 615-4366,5771 Maple St,Wilmington,VA,27899,2024-08-29,2024-12-09,2025-01-01
279,279,Taylor,Brown,taylor.brown303@gmail.com,(867) 534-5214,161 Maple St,Durham,GA,27077,2023-05-24,2024-04-05,2025-01-01
280,280,Taylor,Brown,taylor.brown6@email.com,(351) 585-1497,1510 Hill St,Greensboro,GA,28333,2023-10-02,2024-08-14,2025-01-01
281,281,Taylor,Brown,taylor.brown79@email.com,(772) 674-2028,735 Maple St,Fayetteville,VA,28432,2023-06-04,2023-08-25,2025-01-01
282,282,Taylor,Christian,taylor.christian139@email.com,(383) 696-8058,1359 Oak St,Wilmington,SC,27969,2024-02-16,2024-09-15,2025-01-01
283,283,Taylor,Christian,taylor.christian283@email.com,(380) 435-6222,8267 Cedar Street,Raleigh,SC,28581,2024-02-07,2025-01-28,2025-01-01
284,284,Taylor,Christian,taylor.christian283@gmail.com,(380) 435-6222,8267 Cedar St,Raleigh,SC,28581,2024-02-21,2024-10-04,2025-01-01
285,285,Taylor,Davis,taylor.davis26@email.com,(685) 205-1003,4642 Cedar St,Fayetteville,VA,27615,2025-06-24,2025-09-06,2025-01-01
286,286,Taylor,Davis,taylor.davis302@email.com,(857) 362-1266,3219 Oak St,Charlotte,NC,28151,2023-09-15,2024-03-08,2025-01-01
287,287,Taylor,Johnson,taylor.johnson319@email.com,(391) 273-4274,1898 Maple St,Charlotte,NC,27931,2023-02-23,2023-09-06,2025-01-01
288,288,Taylor,Johnson,taylor.johnson66@email.com,(356) 459-2132,1218 Hill St,Charlotte,GA,27093,2023-12-23,2024-11-03,2025-01-01
289,289,Taylor,Miller,taylor.miller156@email.com,554-651-2606,3390 Hill St,Charlotte,NC,28756,2024-10-12,2025-02-11,2025-01-01
290,290,Taylor,Miller,taylor.miller186@email.com,896-402-9201,2589 Oak Street,Durham,VA,27460,2024-02-06,2024-06-13,2025-01-01
291,291,Taylor,Miller,taylor.miller19@email.com,(326) 735-6682,3238 Pine St,Wilmington,GA,28187,2025-02-16,2025-04-14,2025-01-01
292,292,Taylor,Miller,taylor.miller312@email.com,(420) 497-9336,7666 Hill St,Fayetteville,VA,28136,2024-11-09,2025-06-22,2025-01-01
293,293,Taylor,Miller,taylor.miller314@email.com,642-398-2532,9102 Oak St,Charlotte,VA,27399,2024-12-07,2025-01-19,2025-01-01
294,294,Taylor,Taylor,taylor.taylor256@email.com,(649) 500-1110,3086 Hill St,Jacksonville,NC,28456,2025-01-19,2025-04-01,2025-01-01
295,295,Taylor,Taylor,taylor.taylor329@email.com,(257) 375-5723,6994 Main Street,Durham,VA,28669,2023-09-21,2024-02-16,2025-01-01
296,296,Taylor,Wilson,taylor.wilson133@email.com,(215) 871-5275,7980 Cedar St,Fayetteville,VA,27677,2024-01-27,2024-04-14,2025-01-01
297,297,Taylor,Wilson,taylor.wilson201@email.com,860-572-2664,9792 Main St,Wilmington,VA,27540,2023-05-15,2024-01-02,2025-01-01
298,298,Alex,Brown,alex.brown347@gmail.com,(202) 587-5296,7219 Oak St,Wilmington,GA,27773,2025-07-15,2025-07-15,2025-01-01
299,299,Jamie,Moore,jamie.moore299@email.com,(203) 675-8708,2404 Pine St,Jacksonville,NC,28899,2025-06-10,2025-06-29,2025-01-01
300,300,Pat,Moore,pat.moore93@gmail.com,(204) 248-7120,8190 Main St,Jacksonville,VA,27584,2023-10-14,2023-10-14,2025-01-01
301,303,Drew,Wilson,drew.wilson340@gmail.com,216-258-5065,3273 Hill St,Wilmington,NC,27016,2023-12-16,2023-12-16,2025-01-01
302,307,Jaime,Johnson,jamie.johnson154@gmail.com,224-232-2208,5279 Oak St,Wilmington,GA,28543,2025-01-30,2025-01-30,2025-01-01
303,310,Jordan,Christian,jordan.christian246@gmail.com,(232) 795-6176,6402 Main St,Durham,NC,28338,2023-10-31,2023-10-31,2025-01-01
304,315,Drew,Christian,drew.christian117@gmail.com,(241) 222-8535,9124 Pine St,Fayetteville,VA,28729,2024-05-31,2024-05-31,2025-01-01
305,316,Pat,Smith,pat.smith20@email.com,(243) 884-2946,7061 Oak St,Charlotte,SC,27779,2025-06-03,2025-12-26,2025-01-01
306,317,Devin,Christian,devin.christian68@gmail.com,245-233-4259,2614 Pine St,Raleigh,GA,28143,2025-02-13,2025-02-13,2025-01-01
307,318,Pat,Brown,pat.brown107@email.com,(245) 300-7753,8816 Hill Street,Charlotte,SC,28566,2024-09-13,2025-04-24,2025-01-01
308,319,Avery,Miller,avery.miller270@gmail.com,252-745-8879,5604 Pine St,Wilmington,VA,27520,2025-03-12,2025-03-12,2025-01-01
309,320,Sam,Miller,sam.miller233@gmail.com,(253) 460-5753,4363 Hill St,Raleigh,GA,28508,2024-01-08,2024-01-08,2025-01-01
310,321,Taylor,Taylor,taylor.taylor329@gmail.com,257-375-5723,6994 Main St,Durham,VA,28669,2023-10-09,2023-10-09,2025-01-01
311,322,Chris,Taylor,chris.taylor31@gmail.com,(263) 535-5067,8155 Cedar St,Charlotte,NC,27632,2025-02-20,2025-02-20,2025-01-01
312,323,Riley,Brown,riley.brown195@gmail.com,(264) 459-3485,506 Maple St,Wilmington,VA,28182,2023-08-17,2023-08-17,2025-01-01
313,324,Chris,Johnson,chris.johnson69@email.com,265-276-3197,5382 Cedar St,Jacksonville,VA,27667,2024-11-20,2024-11-20,2025-01-01
314,328,Drew,Christian,drew.christian269@gmail.com,(281) 304-3965,8105 Main Street,Jacksonville,VA,27617,2025-02-08,2025-02-08,2025-01-01
315,336,Riley,Anderson,riley.anderson306@gmail.com,(301) 481-1473,5306 Main St,Durham,VA,27740,2025-05-24,2025-05-24,2025-01-01
316,339,Drew,Anderson,drew.anderson73@gmail.com,315-907-9829,6527 Hill St,Greensboro,VA,27168,2024-03-16,2024-07-01,2025-01-01
317,342,Casey,Brown,casey.brown11@gmail.com,316-665-4319,5571 Cedar St,Durham,NC,28150,2023-12-14,2024-01-21,2025-01-01
318,343,Jordan,Anderson,jordan.anderson243@gmail.com,(316) 913-7705,3517 Maple St,Durham,VA,27392,2025-01-05,2025-01-05,2025-01-01
319,344,Pat,Wilson,pat.wilson140@email.com,(316) 993-3128,3310 Pine St,Raleigh,NC,27043,2024-10-08,2025-04-12,2025-01-01
320,346,Sam,Johnson,sam.johnson126@gmail.com,322-916-4376,8810 Main St,Raleigh,VA,28011,2024-06-07,2024-06-07,2025-01-01
321,347,Devin,Anderson,devin.anderson122@gmail.com,(326) 436-4451,6470 Pine St,Raleigh,GA,27938,2023-09-15,2023-09-15,2025-01-01
322,348,Taylor,Miller,taylor.miller19@gmail.com,326-735-6682,3238 Pine St,Wilmington,GA,28187,2025-01-31,2025-01-31,2025-01-01
323,349,Sam,Brown,sam.brown38@email.com,(328) 860-7243,7772 Oak St,Fayetteville,VA,27697,2024-04-06,2024-06-01,2025-01-01
324,352,Sam,Taylor,sam.taylor143@gmail.com,341-963-7966,9280 Cedar St,Wilmington,SC,27871,2023-11-27,2023-11-27,2025-01-01
325,355,Christopher,Davis,chris.davis191@gmail.com,347-305-3677,3556 Cedar St,Raleigh,GA,28431,2024-12-19,2024-12-19,2025-01-01
326,357,Jamie,Brown,jamie.brown230@gmail.com,355-518-3928,1608 Maple St,Fayetteville,SC,28031,2023-10-30,2023-10-30,2025-01-01
327,360,Casey,Davis,casey.davis286@gmail.com,(357) 299-9155,5933 Cedar St,Durham,GA,28749,2025-03-15,2025-03-15,2025-01-01
328,361,Riley,Anderson,riley.anderson216@email.com,(359) 543-6806,126 Cedar St,Wilmington,SC,27869,2024-07-29,2024-07-29,2025-01-01
329,365,Pat,Moore,pat.moore231@gmail.com,370-846-4286,8695 Oak St,Durham,NC,28948,2024-08-05,2024-08-05,2025-01-01
330,366,Drew,Smith,drew.smith271@email.com,371-307-2627,4646 Hill St,Greensboro,SC,27090,2024-04-01,2024-04-01,2025-01-01
331,367,Jordan,Davis,jordan.davis40@gmail.com,(373) 319-2772,5182 Pine Street,Wilmington,GA,27884,2025-05-23,2025-05-23,2025-01-01
332,368,Casey,Taylor,casey.taylor86@email.com,374-899-2559,9054 Hill St,Charlotte,GA,28865,2025-07-28,2025-07-28,2025-01-01
333,369,Devin,Taylor,devin.taylor112@email.com,(378) 248-7356,7327 Main St,Wilmington,SC,27422,2024-06-05,2024-06-05,2025-01-01
334,373,Cameron,Brown,cameron.brown106@gmail.com,386-428-7891,3127 Cedar St,Charlotte,GA,27456,2023-12-14,2023-12-14,2025-01-01
335,375,Taylor,Johnson,taylor.johnson319@gmail.com,(391) 273-4274,1898 Maple Street,Charlotte,NC,27931,2023-07-10,2023-07-10,2025-01-01
336,378,Cameron,Smith,cameron.smith138@gmail.com,(401) 215-1304,4726 Hill St,Jacksonville,SC,27700,2023-03-20,2023-03-20,2025-01-01
337,383,Sam,Miller,sam.miller23@gmail.com,(415) 610-1546,7367 Cedar Street,Wilmington,SC,27491,2024-11-12,2025-07-11,2025-01-01
338,388,Alex,Anderson,alex.anderson194@gmail.com,(431) 478-1665,4518 Hill St,Durham,VA,28010,2023-12-08,2023-12-08,2025-01-01
339,393,Drew,Smith,drew.smith255@email.com,(443) 211-9236,5574 Main St,Greensboro,VA,28498,2025-01-25,2025-01-25,2025-01-01
340,394,Chris,Wilson,chris.wilson159@gmail.com,443-747-1239,6098 Pine St,Durham,GA,27317,2025-03-05,2025-05-07,2025-01-01
341,395,Jamie,Wilson,jamie.wilson245@gmail.com,(446) 684-5638,3483 Pine St,Durham,VA,28164,2023-08-03,2024-01-18,2025-01-01
342,396,Riley,Moore,riley.moore248@gmail.com,(448) 762-6652,1978 Hill Street,Wilmington,NC,27009,2025-05-11,2025-07-18,2025-01-01
343,397,Avery,Taylor,avery.taylor180@gmail.com,(458) 640-4788,9006 Oak St,Raleigh,GA,28764,2025-05-23,2025-05-23,2025-01-01
344,398,Devin,Christian,devin.christian15@gmail.com,(460) 701-8698,5813 Oak St,Raleigh,NC,27768,2024-10-17,2024-10-17,2025-01-01
345,406,Sam,Wilson,sam.wilson292@gmail.com,476-647-5814,8697 Oak St,Charlotte,NC,27840,2025-07-21,2025-07-21,2025-01-01
346,409,Alex,Anderson,alex.anderson262@gmail.com,(480) 723-7861,1377 Oak St,Raleigh,GA,27511,2025-01-06,2025-01-06,2025-01-01
347,411,Morgan,Smith,morgan.smith274@gmail.com,(484) 537-1638,9436 Cedar Street,Raleigh,GA,27280,2024-05-30,2024-05-30,2025-01-01
348,415,Avery,Miller,avery.miller281@gmail.com,(495) 921-1836,653 Oak St,Jacksonville,VA,27501,2023-08-18,2023-08-18,2025-01-01
349,416,Alex,Anderson,alex.anderson50@email.com,(496) 372-2065,1706 Main St,Jacksonville,NC,28736,2024-12-20,2024-12-20,2025-01-01
350,417,Chris,Smith,chris.smith278@gmail.com,(505) 353-5515,2876 Maple St,Jacksonville,VA,28514,2025-03-04,2025-03-04,2025-01-01
351,419,Avery,Smith,avery.smith220@gmail.com,(506) 329-8315,1623 Oak St,Fayetteville,NC,27749,2024-12-20,2024-12-20,2025-01-01
352,423,Morgan,Miller,morgan.miller247@gmail.com,518-413-2916,7317 Main St,Raleigh,SC,27621,2024-06-02,2024-06-02,2025-01-01
353,424,Alex,Christian,alex.christian177@gmail.com,(526) 661-9995,4054 Maple Street,Raleigh,GA,27940,2025-01-23,2025-01-23,2025-01-01
354,425,Devin,Wilson,devin.wilson215@gmail.com,526-898-1101,9064 Main St,Charlotte,VA,28943,2024-12-29,2024-12-29,2025-01-01
355,426,Cameron,Johnson,cameron.johnson310@gmail.com,529-665-8480,6293 Main Street,Charlotte,SC,27830,2024-08-31,2024-08-31,2025-01-01
356,427,Jamie,Smith,jamie.smith123@gmail.com,533-664-8558,4506 Pine St,Charlotte,GA,27422,2024-11-28,2024-11-28,2025-01-01
357,429,Morgan,Miller,morgan.miller144@gmail.com,(534) 806-9118,2291 Cedar St,Wilmington,GA,27966,2024-09-28,2024-09-28,2025-01-01
358,430,Cameron,Christian,cameron.christian224@gmail.com,(538) 823-8630,2724 Main St,Greensboro,VA,28802,2024-03-27,2024-03-27,2025-01-01
359,431,Jordan,Moore,jordan.moore258@email.com,(540) 455-8226,9532 Pine St,Raleigh,GA,27525,2024-01-12,2024-03-31,2025-01-01
360,432,Jamie,Davis,jamie.davis8@email.com,(544) 500-6477,9469 Cedar St,Durham,VA,28968,2024-03-17,2024-11-29,2025-01-01
361,433,Avery,Taylor,avery.taylor59@gmail.com,(544) 742-8734,7011 Main St,Greensboro,GA,28005,2025-02-17,2025-02-17,2025-01-01
362,434,Sam,Taylor,sam.taylor80@email.com,(544) 810-5111,4317 Pine St,Greensboro,GA,28190,2024-11-30,2024-11-30,2025-01-01
363,436,Casey,Moore,casey.moore58@gmail.com,(551) 933-7145,3381 Cedar St,Durham,NC,27033,2024-07-20,2024-08-11,2025-01-01
364,440,Drew,Miller,drew.miller174@gmail.com,(557) 807-6409,7428 Cedar Street,Durham,GA,28018,2025-05-26,2025-05-26,2025-01-01
365,442,Pat,Davis,pat.davis315@gmail.com,(559) 879-7778,1570 Main St,Greensboro,VA,28833,2024-12-27,2024-12-27,2025-01-01
366,445,Riley,Wilson,riley.wilson289@gmail.com,(570) 699-8124,6266 Maple St,Charlotte,NC,28516,2023-08-22,2023-08-22,2025-01-01
367,448,Morgan,Johnson,morgan.johnson168@email.com,(577) 541-7284,7121 Hill St,Raleigh,GA,28078,2024-12-05,2025-05-02,2025-01-01
368,449,Jamie,Moore,jamie.moore48@email.com,(580) 879-4077,2331 Cedar St,Jacksonville,VA,27331,2024-02-19,2024-02-19,2025-01-01
369,452,Christopher,Anderson,chris.anderson108@gmail.com,592-684-3207,7985 Oak St,Wilmington,VA,28187,2024-02-11,2024-02-11,2025-01-01
370,454,Avery,Johnson,avery.johnson280@gmail.com,(595) 665-7203,7543 Main Street,Greensboro,NC,27593,2025-02-28,2025-03-22,2025-01-01
371,456,Jordan,Taylor,jordan.taylor288@email.com,(598) 933-6889,1250 Main St,Greensboro,VA,28762,2023-11-08,2023-12-02,2025-01-01
372,458,Pat,Brown,pat.brown208@gmail.com,603-253-2923,3655 Hill St,Jacksonville,GA,28850,2024-04-14,2024-04-14,2025-01-01
373,466,Morgan,Christian,morgan.christian32@gmail.com,(618) 430-9822,7316 Maple St,Charlotte,NC,27047,2025-07-24,2025-09-21,2025-01-01
374,467,Pat,Christian,pat.christian118@email.com,619-281-5831,223 Oak Street,Jacksonville,VA,28744,2025-01-31,2025-02-04,2025-01-01
375,469,Sam,Brown,sam.brown5@gmail.com,(626) 798-9968,1083 Main St,Jacksonville,SC,27728,2023-06-23,2023-06-23,2025-01-01
376,470,Morgan,Taylor,morgan.taylor217@email.com,(627) 603-6158,4499 Oak Street,Charlotte,VA,27855,2024-10-01,2024-10-09,2025-01-01
377,471,Alex,Brown,alex.brown146@email.com,(631) 512-2358,9763 Hill Street,Raleigh,NC,28531,2023-10-11,2023-12-17,2025-01-01
378,475,Morgan,Davis,morgan.davis160@gmail.com,637-869-6667,8427 Main St,Greensboro,NC,27548,2024-10-23,2024-10-23,2025-01-01
379,477,Taylor,Miller,taylor.miller314@gmail.com,642-398-2532,9102 Oak St,Charlotte,VA,27399,2024-07-27,2024-07-27,2025-01-01
380,479,Casey,Taylor,casey.taylor67@gmail.com,(650) 422-5149,1768 Hill St,Raleigh,GA,28071,2024-02-09,2024-02-09,2025-01-01
381,480,Avery,Moore,avery.moore33@gmail.com,650-478-8865,7932 Hill St,Wilmington,NC,28844,2023-04-17,2023-12-21,2025-01-01
382,482,Riley,Anderson,riley.anderson45@gmail.com,651-755-6206,4343 Hill St,Raleigh,SC,27304,2023-10-03,2024-06-19,2025-01-01
383,483,Sam,Wilson,sam.wilson335@email.com,(655) 689-3398,9544 Main Street,Raleigh,NC,28202,2024-04-25,2024-04-25,2025-01-01
384,485,Sam,Wilson,sam.wilson36@gmail.com,(661) 969-7577,2327 Hill St,Jacksonville,VA,27876,2025-02-09,2025-02-09,2025-01-01
385,486,Devin,Davis,devin.davis251@gmail.com,(662) 385-2136,1311 Maple St,Greensboro,VA,28635,2024-01-03,2024-01-03,2025-01-01
386,487,Avery,Johnson,avery.johnson91@email.com,(673) 238-8579,8464 Pine St,Fayetteville,SC,28713,2024-12-13,2025-03-10,2025-01-01
387,491,Drew,Johnson,drew.johnson155@gmail.com,(682) 625-2048,9713 Main St,Fayetteville,VA,27557,2025-01-03,2025-01-03,2025-01-01
388,492,Morgan,Johnson,morgan.johnson125@gmail.com,683-831-8272,8398 Oak St,Fayetteville,SC,28289,2024-12-22,2024-12-22,2025-01-01
389,493,Taylor,Davis,taylor.davis26@gmail.com,685-205-1003,4642 Cedar St,Fayetteville,VA,27615,2025-09-06,2025-09-06,2025-01-01
390,494,Sam,Smith,sam.smith46@gmail.com,(685) 746-3331,7077 Cedar Street,Charlotte,SC,27943,2023-12-23,2023-12-23,2025-01-01
391,500,Pat,Davis,pat.davis74@gmail.com,(693) 551-9661,4882 Hill St,Greensboro,GA,28035,2024-12-10,2024-12-10,2025-01-01
392,506,Cameron,Johnson,cameron.johnson326@gmail.com,(706) 720-6954,4412 Hill St,Durham,GA,27567,2025-07-25,2025-07-25,2025-01-01
393,507,Chris,Johnson,chris.johnson149@gmail.com,(707) 374-6330,2964 Pine Street,Greensboro,SC,27397,2024-02-26,2024-03-15,2025-01-01
394,510,Morgan,Johnson,morgan.johnson332@gmail.com,717-805-7563,5800 Maple St,Wilmington,NC,28300,2024-05-04,2024-05-04,2025-01-01
395,513,Sam,Smith,sam.smith198@gmail.com,727-461-9869,1457 Main Street,Wilmington,SC,27721,2024-11-26,2024-11-26,2025-01-01
396,515,Chris,Christian,chris.christian134@email.com,734-894-2284,2331 Main St,Durham,SC,27206,2024-04-05,2024-05-26,2025-01-01
397,516,Chris,Miller,chris.miller320@email.com,739-261-3559,1417 Pine St,Fayetteville,GA,28853,2025-05-08,2025-05-08,2025-01-01
398,517,Cameron,Brown,cameron.brown263@email.com,(742) 308-2582,3397 Maple St,Greensboro,GA,27191,2023-10-28,2024-01-11,2025-01-01
399,521,Christopher,Davis,chris.davis181@email.com,754-260-1139,1979 Maple Street,Fayetteville,NC,28799,2024-11-25,2024-11-25,2025-01-01
400,525,Cameron,Wilson,cameron.wilson235@email.com,(771) 321-9753,5308 Pine St,Durham,SC,27045,2025-04-28,2025-04-28,2025-01-01
401,528,Jordan,Brown,jordan.brown345@gmail.com,(772) 917-4887,6394 Hill St,Wilmington,SC,28223,2024-03-25,2024-03-25,2025-01-01
402,530,Devin,Anderson,devin.anderson97@gmail.com,(782) 491-5180,8358 Hill St,Fayetteville,NC,27563,2023-06-26,2023-06-26,2025-01-01
403,532,Riley,Christian,riley.christian30@gmail.com,(784) 448-4922,888 Cedar St,Wilmington,VA,27558,2025-05-11,2025-05-11,2025-01-01
404,533,Casey,Moore,casey.moore346@email.com,785-790-3609,8163 Oak Street,Fayetteville,SC,27879,2024-01-29,2024-01-29,2025-01-01
405,534,Jamie,Miller,jamie.miller88@email.com,(791) 945-2601,5663 Cedar St,Greensboro,SC,28315,2024-08-21,2024-08-21,2025-01-01
406,537,Cameron,Moore,cameron.moore282@email.com,798-895-7989,3963 Main St,Raleigh,SC,28713,2023-09-11,2024-05-16,2025-01-01
407,538,Cameron,Anderson,cameron.anderson44@gmail.com,(798) 985-3914,4421 Oak St,Greensboro,VA,28611,2024-11-08,2024-11-08,2025-01-01
408,540,Avery,Smith,avery.smith115@gmail.com,(809) 711-1458,8533 Oak St,Jacksonville,GA,28608,2023-05-07,2023-05-07,2025-01-01
409,547,Jamie,Wilson,jamie.wilson339@email.com,(819) 966-8292,6464 Main St,Fayetteville,SC,27534,2024-11-01,2024-11-01,2025-01-01
410,551,Drew,Brown,drew.brown102@gmail.com,(829) 671-1167,6481 Maple St,Durham,VA,28089,2024-06-10,2024-06-10,2025-01-01
411,552,Chris,Miller,chris.miller70@email.com,833-250-3704,7203 Maple St,Durham,SC,28336,2023-07-19,2023-07-19,2025-01-01
412,553,Devin,Miller,devin.miller35@email.com,(833) 598-4312,6948 Oak St,Raleigh,GA,27079,2023-10-23,2023-10-23,2025-01-01
413,554,Devin,Taylor,devin.taylor252@gmail.com,(835) 289-4971,8474 Maple Street,Greensboro,GA,27850,2024-06-17,2024-06-17,2025-01-01
414,555,Chris,Johnson,chris.johnson152@email.com,(837) 922-9196,8008 Oak St,Raleigh,SC,28028,2024-11-27,2024-11-27,2025-01-01
415,556,Morgan,Wilson,morgan.wilson333@email.com,839-352-5867,2042 Maple St,Fayetteville,GA,27939,2023-11-03,2023-12-30,2025-01-01
416,559,Devin,Wilson,devin.wilson203@gmail.com,(845) 720-3161,207 Maple St,Raleigh,VA,28632,2024-08-10,2025-08-16,2025-01-01
417,560,Sam,Christian,sam.christian55@gmail.com,(846) 773-4948,3612 Maple St,Raleigh,SC,28494,2024-05-21,2025-04-14,2025-01-01
418,561,Morgan,Wilson,morgan.wilson341@gmail.com,(850) 602-3262,1847 Hill St,Durham,VA,28582,2023-09-25,2024-04-17,2025-01-01
419,562,Avery,Johnson,avery.johnson128@gmail.com,(852) 229-3987,151 Cedar Street,Charlotte,NC,28357,2024-04-16,2024-04-16,2025-01-01
420,563,Sam,Taylor,sam.taylor110@gmail.com,852-230-9517,7457 Hill St,Greensboro,GA,28624,2024-01-16,2024-01-16,2025-01-01
421,567,Alex,Taylor,alex.taylor316@gmail.com,(865) 700-4220,5656 Pine St,Fayetteville,NC,28738,2024-08-27,2024-08-27,2025-01-01
422,568,Sam,Anderson,sam.anderson56@gmail.com,865-886-2723,4700 Hill St,Charlotte,GA,27463,2025-07-31,2025-07-31,2025-01-01
423,571,Cameron,Moore,cameron.moore190@gmail.com,(867) 580-8307,1771 Cedar St,Jacksonville,NC,27285,2024-10-01,2024-10-01,2025-01-01
424,572,Christopher,Moore,chris.moore254@gmail.com,(868) 714-4940,7388 Pine Street,Charlotte,GA,28240,2024-11-02,2024-11-02,2025-01-01
425,573,Chris,Taylor,chris.taylor157@gmail.com,868-863-9996,6695 Pine St,Fayetteville,SC,27813,2024-05-11,2024-05-11,2025-01-01
426,574,Pat,Brown,pat.brown95@gmail.com,871-474-6600,4530 Cedar Street,Charlotte,VA,28012,2023-11-18,2023-11-18,2025-01-01
427,575,Cameron,Johnson,cameron.johnson199@email.com,(871) 813-4304,8322 Cedar St,Fayetteville,GA,27722,2023-10-11,2023-10-11,2025-01-01
428,577,Avery,Moore,avery.moore240@gmail.com,875-378-9469,4340 Oak St,Durham,VA,28220,2025-04-07,2025-04-07,2025-01-01
429,581,Pat,Moore,pat.moore294@gmail.com,(882) 953-8030,7892 Hill St,Jacksonville,NC,28014,2024-01-27,2024-01-27,2025-01-01
430,584,Jordan,Moore,jordan.moore277@email.com,(889) 840-9221,9281 Maple St,Fayetteville,GA,27938,2025-01-15,2025-01-15,2025-01-01
431,585,Avery,Miller,avery.miller141@gmail.com,(891) 687-1252,5168 Maple St,Charlotte,SC,27147,2023-03-31,2023-03-31,2025-01-01
432,586,Taylor,Miller,taylor.miller186@gmail.com,(896) 402-9201,2589 Oak St,Durham,VA,27460,2024-05-20,2024-05-20,2025-01-01
433,587,Chris,Christian,chris.christian172@email.com,(896) 592-1538,3116 Pine St,Charlotte,VA,27378,2024-10-31,2024-10-31,2025-01-01
434,588,Sam,Miller,sam.miller114@gmail.com,(896) 827-2163,8908 Main Street,Fayetteville,NC,28889,2024-06-04,2025-04-24,2025-01-01
435,591,Cameron,Smith,cameron.smith47@gmail.com,(898) 798-6828,6477 Cedar St,Charlotte,GA,27688,2024-11-25,2024-11-25,2025-01-01
436,598,Alex,Taylor,alex.taylor242@email.com,928-643-2133,8809 Main St,Raleigh,VA,28796,2024-08-06,2025-03-04,2025-01-01
437,602,Devin,Smith,devin.smith331@gmail.com,(938) 545-6635,6750 Pine St,Raleigh,SC,28946,2023-06-21,2023-06-21,2025-01-01
438,604,Sam,Davis,sam.davis171@email.com,(945) 217-1678,375 Oak St,Raleigh,NC,27459,2023-06-04,2024-01-12,2025-01-01
439,605,Drew,Smith,drew.smith116@gmail.com,(945) 712-8349,9778 Hill Street,Fayetteville,GA,28470,2025-02-28,2025-02-28,2025-01-01
440,607,Jordan,Davis,jordan.davis175@gmail.com,(946) 552-6379,3899 Oak St,Durham,SC,27153,2023-08-15,2023-08-15,2025-01-01
441,608,Chris,Smith,chris.smith225@gmail.com,947-463-3230,2407 Oak Street,Charlotte,SC,27174,2024-03-11,2024-03-11,2025-01-01
442,609,Jordan,Taylor,jordan.taylor3@gmail.com,(949) 658-9619,6859 Oak Street,Greensboro,NC,27241,2025-05-17,2025-05-17,2025-01-01
443,612,Avery,Christian,avery.christian295@gmail.com,(954) 358-2402,6254 Pine St,Charlotte,SC,28658,2023-08-13,2023-08-13,2025-01-01
444,614,Alex,Johnson,alex.johnson336@email.com,956-254-4841,179 Pine St,Greensboro,SC,27217,2023-07-25,2023-07-25,2025-01-01
445,615,Riley,Davis,riley.davis221@email.com,(958) 283-5731,1637 Main St,Fayetteville,NC,28956,2024-04-26,2024-09-02,2025-01-01
446,618,Jaime,Moore,jamie.moore99@gmail.com,(962) 257-2801,3497 Main St,Fayetteville,GA,28791,2025-03-03,2025-03-03,2025-01-01
447,619,Devin,Davis,devin.davis61@email.com,(971) 606-5571,1532 Cedar St,Charlotte,SC,27912,2023-12-29,2024-05-09,2025-01-01
448,622,Cameron,Taylor,cameron.taylor60@email.com,(985) 766-1448,114 Oak Street,Greensboro,NC,27806,2025-04-02,2025-04-02,2025-01-01
449,623,Devin,Miller,devin.miller153@email.com,(986) 203-4237,9024 Oak St,Durham,GA,28921,2023-11-20,2023-11-20,2025-01-01
450,624,Jordan,Johnson,jordan.johnson9@gmail.com,(991) 513-3888,9273 Maple St,Greensboro,VA,27191,2024-10-27,2024-10-27,2025-01-01
451,626,Alex,Smith,alex.smith349@gmail.com,(996) 849-4563,7929 Pine Street,Durham,SC,28135,2024-03-09,2024-08-17,2025-01-01
452,628,Avery,Brown,avery.brown71@email.com,777-734-1384,1022 Hill St,Greensboro,VA,28895,2023-04-24,2023-04-24,2025-01-01
453,629,Drew,Taylor,drew.taylor72@email.com,(455) 838-4637,2527 Main St,Durham,SC,28170,2024-07-31,2024-07-31,2025-01-01
454,630,Devin,Smith,devin.smith90@email.com,(650) 805-3727,9260 Maple St,Greensboro,VA,27415,2025-04-06,2025-04-06,2025-01-01
455,631,Riley,Taylor,riley.taylor130@email.com,(929) 639-3995,7174 Pine St,Greensboro,VA,27162,2024-11-10,2024-11-10,2025-01-01
456,632,Sam,Wilson,sam.wilson145@email.com,(385) 965-3372,2444 Cedar St,Jacksonville,VA,28681,2024-10-18,2024-10-18,2025-01-01
457,633,Devin,Smith,devin.smith147@email.com,(686) 485-2802,4277 Cedar St,Jacksonville,GA,28385,2023-06-09,2023-06-09,2025-01-01
458,634,Casey,Brown,casey.brown176@email.com,777-674-6196,8483 Oak Street,Fayetteville,VA,28046,2024-07-03,2024-07-03,2025-01-01
459,635,Cameron,Smith,cameron.smith182@email.com,(329) 918-2477,7756 Pine St,Fayetteville,GA,28850,2023-06-13,2023-06-13,2025-01-01
460,636,Jamie,Smith,jamie.smith185@gmail.com,623-878-3377,886 Cedar St,Greensboro,NC,27031,2024-10-02,2024-10-02,2025-01-01
461,637,Casey,Taylor,casey.taylor196@gmail.com,(782) 315-6517,9442 Maple St,Wilmington,GA,27859,2024-07-09,2024-07-09,2025-01-01
462,638,Sam,Johnson,sam.johnson268@email.com,(482) 987-1429,3655 Maple Street,Durham,SC,28993,2024-10-24,2024-10-24,2025-01-01
463,639,Morgan,Christian,morgan.christian279@gmail.com,484-634-5181,785 Main Street,Fayetteville,NC,27745,2024-05-10,2024-05-10,2025-01-01
464,640,Alex,Christian,alex.christian293@email.com,(621) 947-7636,5217 Cedar St,Jacksonville,NC,28132,2024-02-18,2024-02-18,2025-01-01
465,641,Pat,Smith,pat.smith297@email.com,(977) 788-4471,526 Pine St,Raleigh,NC,27442,2023-09-02,2023-09-02,2025-01-01
466,642,Jordan,Christian,jordan.christian301@email.com,658-918-5170,5603 Main St,Fayetteville,NC,27696,2025-01-10,2025-01-10,2025-01-01
467,643,Riley,Johnson,riley.johnson308@gmail.com,945-248-6231,2791 Cedar St,Wilmington,GA,27044,2024-03-21,2024-03-21,2025-01-01
468,644,Jamie,Brown,jamie.brown323@email.com,(860) 943-4270,7385 Maple St,Wilmington,SC,28653,2024-06-18,2024-06-18,2025-01-01
469,645,Avery,Christian,avery.christian9000@email.com,404-985-5544,8832 Main St,Jacksonville,NC,27535,2024-10-30,2024-10-30,2025-01-01
470,646,Chris,Johnson,chris.johnson9001@email.com,285-961-3748,203 Cedar St,Wilmington,GA,27967,2024-05-27,2024-05-27,2025-01-01
471,647,Devin,Christian,devin.christian9002@email.com,917-924-7202,3184 Maple St,Charlotte,NC,27404,2024-08-23,2024-08-23,2025-01-01
472,648,Alex,Moore,alex.moore9003@email.com,894-999-2304,9299 Maple St,Charlotte,GA,27034,2024-10-13,2024-10-13,2025-01-01
473,649,Morgan,Miller,morgan.miller9004@email.com,431-535-2401,885 Cedar St,Wilmington,SC,28948,2024-07-13,2024-07-13,2025-01-01
474,650,Cameron,Davis,cameron.davis9005@email.com,472-564-8463,6092 Pine St,Raleigh,NC,28108,2024-03-03,2024-03-03,2025-01-01
475,651,Cameron,Johnson,cameron.johnson9006@email.com,211-290-5179,6772 Main St,Jacksonville,SC,27522,2024-12-14,2024-12-14,2025-01-01
476,652,Chris,Smith,chris.smith9007@email.com,777-912-5855,3029 Cedar St,Wilmington,VA,27232,2024-06-02,2024-06-02,2025-01-01
477,653,Alex,Davis,alex.davis9008@email.com,776-686-1627,7926 Pine St,Charlotte,VA,27104,2024-08-27,2024-08-27,2025-01-01
478,654,Alex,Wilson,alex.wilson9009@email.com,961-428-1826,6681 Cedar St,Charlotte,GA,28294,2024-10-22,2024-10-22,2025-01-01
479,655,Chris,Christian,chris.christian9010@email.com,428-543-2190,1064 Hill St,Charlotte,VA,28094,2024-06-05,2024-06-05,2025-01-01
480,656,Pat,Brown,pat.brown9011@email.com,616-703-8007,796 Pine St,Raleigh,NC,27068,2024-12-07,2024-12-07,2025-01-01
481,657,Alex,Taylor,alex.taylor9012@email.com,675-328-5427,1734 Pine St,Greensboro,VA,28358,2024-02-12,2024-02-12,2025-01-01
482,658,Casey,Brown,casey.brown9013@email.com,339-487-2345,4964 Oak St,Fayetteville,NC,28308,2024-10-17,2024-10-17,2025-01-01
483,659,Jamie,Moore,jamie.moore9014@email.com,978-507-4448,3358 Main St,Greensboro,GA,28636,2024-02-15,2024-02-15,2025-01-01
484,660,Riley,Davis,riley.davis9015@email.com,466-625-3620,1090 Oak St,Raleigh,NC,28808,2024-11-14,2024-11-14,2025-01-01
485,661,Alex,Johnson,alex.johnson9016@email.com,853-949-7534,9479 Oak St,Jacksonville,GA,27422,2024-11-22,2024-11-22,2025-01-01
486,662,Jamie,Smith,jamie.smith9017@email.com,273-216-1209,8866 Hill St,Durham,VA,28189,2024-03-21,2024-03-21,2025-01-01
487,663,Jamie,Davis,jamie.davis9018@email.com,999-609-1622,4906 Main St,Wilmington,VA,28133,2024-06-25,2024-06-25,2025-01-01
488,664,Devin,Davis,devin.davis9019@email.com,259-467-5633,4065 Hill St,Greensboro,GA,27402,2024-04-28,2024-04-28,2025-01-01
489,665,Riley,Taylor,riley.taylor9020@email.com,711-760-3065,9554 Hill St,Wilmington,GA,27023,2024-11-11,2024-11-11,2025-01-01
490,666,Taylor,Anderson,taylor.anderson9021@email.com,968-596-7216,7635 Maple St,Charlotte,VA,27492,2024-10-21,2024-10-21,2025-01-01
491,667,Morgan,Taylor,morgan.taylor9022@email.com,657-450-2800,2786 Oak St,Wilmington,VA,28323,2024-09-09,2024-09-09,2025-01-01
492,668,Cameron,Davis,cameron.davis9023@email.com,538-621-9351,1865 Pine St,Durham,VA,28648,2024-05-13,2024-05-13,2025-01-01
493,669,Jamie,Taylor,jamie.taylor9024@email.com,378-401-8108,9271 Hill St,Greensboro,NC,27868,2024-04-19,2024-04-19,2025-01-01
